Ranking,University English Name,Country/Region,Academic Reputation,Employer Reputation,Faculty Student,International Faculty,International Students,Citations per Faculty,Overall Score,Free
1,麻省理工学院Massachusetts Institute of Technology,United States,100.0,100.0,100.0,100,95.5,99.8,100.0,免费评估
2,斯坦福大学Stanford University,United States,100.0,100.0,100.0,99.8,70.5,99.0,98.6,免费评估
3,哈佛大学Harvard University,United States,100.0,100.0,99.3,92.1,75.7,99.8,98.5,免费评估
4,加利福尼亚理工学院California Institute of Technology,United States,98.7,81.2,100.0,96.8,90.3,100.0,97.2,免费评估
5,牛津大学University of Oxford,United Kingdom,100.0,100.0,100.0,99.6,98.8,83.0,96.8,免费评估
6,剑桥大学University of Cambridge,United Kingdom,100.0,100.0,100.0,99.4,97.9,77.2,95.6,免费评估
7,ETH Zurich - Swiss Federal Institute of Technology,Switzerland,98.2,96.2,82.4,100,98.6,98.7,95.3,免费评估
8,帝国理工学院Imperial College London,United Kingdom,98.7,99.9,99.9,100,100,67.8,93.3,免费评估
9,芝加哥大学The University of Chicago,United States,99.6,90.7,97.4,74.2,82.5,83.6,93.2,免费评估
10,伦敦大学学院University College London,United Kingdom,99.3,99.2,99.2,98.7,100,66.2,92.9,免费评估
11,National University of Singapore (NUS),Singapore,99.8,99.1,91.8,100,80.7,72.8,92.0,免费评估
12,"Nanyang Technological University, Singapore (NTU)",Singapore,90.3,92.6,95.0,100,83.5,87.5,91.3,免费评估
13,普林斯顿大学Princeton University,United States,99.9,96.7,70.3,70.1,69.2,100.0,90.9,免费评估
14,康奈尔大学Cornell University,United States,98.7,90.5,70.4,93.3,77,95.9,90.5,免费评估
15,耶鲁大学Yale University,United States,99.9,99.7,100.0,86.3,61.2,60.2,89.6,免费评估
16,哥伦比亚大学Columbia University,United States,99.7,97.4,100.0,40.4,96.2,59.2,88.5,免费评估
17,Tsinghua University,China,97.0,99.4,91.5,60.6,29.2,77.4,87.2,免费评估
18,爱丁堡大学The University of Edinburgh,United Kingdom,97.3,94.0,85.5,97.4,98.8,57.2,86.9,免费评估
19,宾夕法尼亚大学University of Pennsylvania,United States,95.4,92.6,100.0,72.1,65.2,59.7,86.5,免费评估
20,"密歇根大学安娜堡分校University of Michigan,Ann Arbor",United States,98.9,90.2,94.3,82.3,49.8,60.5,86.4,免费评估
21,约翰霍普金斯大学Johns Hopkins University,United States,89.7,56.9,100.0,79.9,81.6,80.2,85.9,免费评估
22,EPFL - Ecole Polytechnique Federale de Lausanne,Switzerland,72.8,78.2,94.5,100,100,98.9,85.8,免费评估
23,The University of Tokyo,Japan,100.0,99.5,94.2,12.3,25.5,72.2,85.3,免费评估
24,澳大利亚国立大学The Australian National University,Australia,97.1,82.6,47.9,100,99.5,87.8,84.4,免费评估
25,香港大学The University of Hong Kong,Hong Kong,96.7,83.7,88.1,100,99.4,47.1,84.3,免费评估
26,杜克大学Duke University,United States,88.2,74.7,99.3,14.3,55,88.2,83.9,免费评估
27,"加州大学伯克利分校University of California,Berkeley",United States,100.0,99.8,28.9,99.5,46.1,99.9,83.2,免费评估
28,多伦多大学University of Toronto,Canada,98.7,94.0,74.8,96.4,92.9,47.6,83.0,免费评估
29,曼彻斯特大学The University of Manchester,United Kingdom,94.6,98.5,76.0,93.2,98.8,51.2,82.9,免费评估
30,Peking University,China,99.0,99.8,64.0,68.2,53.8,69.4,82.6,免费评估
31,伦敦国王学院King's College London,United Kingdom,87.7,83.2,85.1,98.6,99.7,59.9,82.5,免费评估
32,"加州大学洛杉矶分校University of California,Los Angeles",United States,100.0,99.1,41.8,56.1,42,92.4,81.9,免费评估
33,麦吉尔大学McGill University,Canada,91.4,93.1,73.0,90.4,96.2,58.3,81.7,免费评估
34,西北大学Northwestern University,United States,85.0,73.1,99.8,72,54.8,68.4,81.5,免费评估
35,Kyoto University,Japan,98.6,93.2,95.7,17.4,18.2,56.6,81.2,免费评估
36,Seoul National University,South Korea,96.2,92.7,87.7,22.1,14,66.5,80.6,免费评估
37,香港科技大学The Hong Kong University of Science and Technology,Hong Kong,83.6,73.0,61.8,100,87.9,89.0,80.5,免费评估
38,伦敦政治经济学院The London School of Economics and Political Science,United Kingdom,84.2,99.9,47.0,100,100,84.6,80.2,免费评估
39,墨尔本大学The University of Melbourne,Australia,99.0,98.8,26.5,97.6,99.9,76.4,80.1,免费评估
40,KAIST - Korea Advanced Institute of Science & Technology,South Korea,83.2,78.3,79.5,26.4,9.8,98.5,78.7,免费评估
41,"加利福尼亚大学圣地亚哥分校University of California,San Diego",United States,91.7,56.1,62.1,64.9,70.7,84.5,78.6,免费评估
42,悉尼大学The University of Sydney,Australia,97.2,97.0,24.9,100,99.8,72.7,78.3,免费评估
43,纽约大学New York University,United States,95.6,91.3,97.3,28.4,90.9,23.7,77.7,免费评估
44,Fudan University,China,81.8,95.9,84.7,89.3,39.2,58.6,77.6,免费评估
45,新南威尔士大学The University of New South Wales,Australia,90.4,96.7,23.8,100,97.4,81.6,77.0,免费评估
46,卡内基梅隆大学Carnegie Mellon University,United States,78.5,79.0,45.7,78.3,100,95.4,76.6,免费评估
47,英属哥伦比亚大学University of British Columbia,Canada,96.7,88.1,37.6,92.2,77.7,60.7,75.8,免费评估
48,昆士兰大学The University of Queensland,Australia,87.3,79.9,29.9,100,97.6,83.4,75.7,免费评估
49,香港中文大学The Chinese University of Hong Kong,Hong Kong,86.1,62.7,75.9,100,91.2,49.5,75.6,免费评估
50,Université PSL,France,80.3,99.3,99.9,67.7,84.2,26.6,75.1,免费评估
51,布里斯托大学University of Bristol,United Kingdom,75.6,89.4,75.9,84.4,66.4,63.8,74.9,免费评估
52,Delft University of Technology,Netherlands,69.3,83.9,48.5,98.6,86.7,90.2,73.3,免费评估
53,威斯康星大学-麦迪逊分校University of Wisconsin-Madison,United States,88.5,51.2,87.4,58.8,30.6,52.6,73.2,免费评估
54,华威大学The University of Warwick,United Kingdom,73.8,96.1,62.4,98.4,99.3,56.1,72.9,免费评估
55,香港城市大学City University of Hong Kong,Hong Kong,55.6,39.2,90.9,100,97.3,88.7,72.1,免费评估
56,布朗大学Brown University,United States,62.5,52.7,81.2,88.1,58.3,89.8,72.0,免费评估
57,University of Amsterdam,Netherlands,79.2,51.8,58.5,80.1,40.3,81.6,71.1,免费评估
58,Tokyo Institute of Technology,Japan,74.6,80.0,90.4,31,27.1,59.8,71.0,免费评估
59,蒙纳什大学Monash University,Australia,86.7,93.1,15.3,100,99,65.9,70.4,免费评估
59,Shanghai Jiao Tong University,China,77.8,96.1,39.4,77.4,15.6,85.0,70.4,免费评估
61,Technical University of Munich,Germany,78.1,98.3,88.8,59.5,63.9,23.9,70.0,免费评估
62,Ludwig-Maximilians-Universität München,Germany,90.0,84.4,51.8,60.2,38.8,47.1,69.4,免费评估
63,德克萨斯大学奥斯汀分校The University of Texas at Austin,United States,93.8,78.1,14.7,7.3,20.4,94.1,68.7,免费评估
64,Ruprecht-Karls-Universität Heidelberg,Germany,78.4,55.4,91.4,53.6,52.4,36.8,68.0,免费评估
65,Ecole Polytechnique,France,46.8,99.7,99.9,95.4,95.8,47.3,67.9,免费评估
66,"西雅图华盛顿大学University of Washington,Seattle Campus",United States,85.0,46.5,21.0,58.6,38.4,99.5,67.8,免费评估
67,Osaka University,Japan,79.4,70.5,81.3,23.9,15.5,52.2,67.7,免费评估
68,Zhejiang University,China,65.6,85.0,60.9,86.9,45.1,69.2,67.5,免费评估
69,佐治亚理工学院Georgia Institute of Technology,United States,73.5,74.6,23.5,42.4,70.9,100.0,67.4,免费评估
69,格拉斯哥大学University of Glasgow,United Kingdom,70.4,59.6,60.7,94.3,96.7,57.2,67.4,免费评估
71,伊利诺伊大学香槟分校University of Illinois at Urbana-Champaign,United States,89.1,53.6,15.9,20.7,70,90.7,67.0,免费评估
72,National Taiwan University (NTU),Taiwan,88.6,70.7,40.2,16.6,19.8,68.7,66.3,免费评估
73,Universidad de Buenos Aires (UBA),Argentina,86.1,91.6,79.1,53.4,68.5,2.5,66.2,免费评估
74,杜伦大学Durham University,United Kingdom,57.1,94.1,38.0,95.5,87.5,82.5,65.7,免费评估
75,Sorbonne University,France,88.4,46.6,59.4,41.4,54.6,39.7,64.8,免费评估
75,谢菲尔德大学The University of Sheffield,United Kingdom,61.0,64.1,64.5,88.9,94.2,58.8,64.8,免费评估
77,Tohoku University,Japan,68.7,61.8,98.4,14.5,18.2,45.7,64.3,免费评估
78,University of Zurich,Switzerland,55.6,70.8,99.0,100,59.2,31.8,63.6,免费评估
79,伯明翰大学University of Birmingham,United Kingdom,63.6,84.9,53.6,91.5,88.2,48.5,63.5,免费评估
79,University of Copenhagen,Denmark,67.2,47.0,99.9,91.6,28,28.8,63.5,免费评估
81,KU Leuven,Belgium,76.5,60.8,13.4,89.6,39.8,87.1,63.4,免费评估
82,诺丁汉大学University of Nottingham,United Kingdom,61.3,79.5,60.4,93.5,83.8,47.5,63.1,免费评估
83,Pohang University of Science And Technology (POSTECH),South Korea,38.7,49.2,99.8,46.6,5.4,99.6,63.0,免费评估
83,北卡罗来纳州大学教堂山分校University of North Carolina at Chapel Hill,United States,68.1,43.1,95.5,31.7,12.7,49.6,63.0,免费评估
85,奥克兰大学The University of Auckland,New Zealand,82.7,59.4,21.3,87,91.3,52.3,62.8,免费评估
86,Korea University,South Korea,66.7,84.7,86.8,16.9,44.2,34.8,62.7,免费评估
87,莱斯大学Rice University,United States,38.7,18.5,85.6,89.6,85.3,96.0,62.6,免费评估
87,Universiti Malaya (UM),Malaysia,63.9,57.7,93.5,55.9,61.2,32.6,62.6,免费评估
89,俄亥俄州立大学Ohio State University,United States,64.8,55.6,81.7,81.8,41.2,41.3,62.4,免费评估
90,Lomonosov Moscow State University,Russia,71.3,78.2,99.7,16.6,73.1,6.7,62.3,免费评估
91,西澳大学The University of Western Australia,Australia,60.0,58.6,24.0,100,94.7,88.4,62.2,免费评估
92,Lund University,Sweden,67.2,52.6,57.4,89.6,71.8,51.2,62.1,免费评估
93,波士顿大学Boston University,United States,62.4,66.0,70.8,28.6,87,51.9,62.0,免费评估
93,利兹大学University of Leeds,United Kingdom,67.1,83.8,49.9,84.6,81.6,41.7,62.0,免费评估
95,宾州州立大学Pennsylvania State University,United States,77.7,70.4,26.8,14.1,40.3,77.8,61.9,免费评估
96,南安普顿大学University of Southampton,United Kingdom,53.1,53.4,65.5,95.3,89.4,62.4,61.6,免费评估
97,圣安德鲁斯大学University of St Andrews,United Kingdom,43.2,47.7,69.0,99,99.9,77.0,61.4,免费评估
98,University of Science and Technology of China,China,53.7,35.9,74.2,15.9,5.9,98.4,60.8,免费评估
99,Eindhoven University of Technology,Netherlands,29.7,51.2,82.1,97.7,47.5,94.9,59.8,免费评估
100,普渡大学Purdue University,United States,65.7,60.7,35.2,97.5,69.2,58.3,59.5,免费评估
100,Sungkyunkwan University (SKKU),South Korea,55.0,81.8,88.3,21.1,34,43.5,59.5,免费评估
100,"加州大学戴维斯分校University of California,Davis",United States,71.4,40.4,33.8,56.7,49.5,73.5,59.5,免费评估
100,圣路易斯华盛顿大学Washington University in St Louis,United States,43.4,18.7,99.8,74.1,60.1,67.2,59.5,免费评估
104,KTH Royal Institute of Technology,Sweden,45.5,69.5,60.5,95.1,42.6,75.2,59.3,免费评估
104,"Trinity College Dublin, The University of Dublin",Ireland,58.8,55.6,39.9,98.7,91.2,63.1,59.3,免费评估
106,香港理工大学The Hong Kong Polytechnic University,Hong Kong,58.0,39.3,65.2,99.6,78.6,49.2,59.1,免费评估
107,Yonsei University,South Korea,59.8,81.6,86.1,17.2,38,33.4,58.9,免费评估
108,University of Geneva,Switzerland,48.0,27.8,56.9,100,98.6,75.0,58.4,免费评估
109,阿尔伯塔大学University of Alberta,Canada,56.9,45.7,60.7,93.4,81.3,48.5,58.1,免费评估
110,University of Helsinki,Finland,61.7,46.9,74.8,56.7,8.2,51.0,57.9,免费评估
111,Nagoya University,Japan,60.9,45.7,95.8,17.8,21,35.4,57.3,免费评估
112,Technical University of Denmark,Denmark,27.8,30.4,99.9,99.3,79.4,69.6,57.1,免费评估
113,Universidad Nacional Autónoma de México (UNAM),Mexico,89.3,87.1,50.8,20.4,3.9,4.0,56.8,免费评估
114,阿德莱德大学The University of Adelaide,Australia,56.8,46.7,31.1,97,99,65.2,56.6,免费评估
115,南加州大学University of Southern California,United States,57.0,51.4,40.4,45.5,87.1,66.9,56.2,免费评估
116,"KIT, Karlsruhe Institute of Technology",Germany,46.0,92.4,38.3,61.6,63.3,71.0,55.9,免费评估
117,Uppsala University,Sweden,63.3,37.1,47.3,62.2,45.3,58.9,55.8,免费评估
118,Universidade de São Paulo,Brazil,87.2,80.4,28.2,9.6,4.3,30.7,55.5,免费评估
119,伦敦大学玛丽女王学院Queen Mary University of London,United Kingdom,50.0,42.4,48.2,97.2,99.5,57.5,55.4,免费评估
120,University of Groningen,Netherlands,47.7,30.3,62.7,93.6,99.4,53.6,55.2,免费评估
121,Humboldt-Universität zu Berlin,Germany,86.9,57.8,13.6,60.7,36.9,33.9,55.1,免费评估
122,Leiden University,Netherlands,65.1,29.1,33.6,78.5,43.3,65.4,55.0,免费评估
122,Nanjing University,China,58.5,41.2,26.2,75.3,16.3,87.8,55.0,免费评估
124,Utrecht University,Netherlands,59.8,37.7,46.4,46.1,25.1,69.3,54.5,免费评估
125,Wageningen University,Netherlands,37.3,18.1,95.8,38.4,86.6,60.6,54.4,免费评估
126,Kyushu University,Japan,54.8,56.6,89.8,17.7,21.5,32.4,54.1,免费评估
126,马里兰大学University of Maryland-College Park,United States,54.8,29.1,52.5,30.6,29,78.0,54.1,免费评估
128,Chalmers University of Technology,Sweden,28.8,67.3,69.4,94,56.1,69.0,53.6,免费评估
128,Hokkaido University,Japan,55.5,54.6,87.2,19.5,14.6,33.3,53.6,免费评估
130,Freie Universitaet Berlin,Germany,78.4,49.1,6.8,64,50.5,49.6,53.4,免费评估
131,兰卡斯特大学Lancaster University,United Kingdom,38.8,32.8,51.6,95.4,98.1,70.4,53.0,免费评估
132,Pontificia Universidad Católica de Chile (UC),Chile,83.0,93.4,32.6,20,5.1,12.1,52.9,免费评估
132,"加利福尼亚大学圣塔芭芭拉分校University of California, Santa Barbara",United States,64.6,16.7,13.0,50.6,20.8,95.5,52.9,免费评估
134,约克大学The University of York,United Kingdom,42.9,44.2,57.9,92,68.2,55.6,52.4,免费评估
135,University of Oslo,Norway,49.2,26.1,69.9,82.6,36.5,47.8,51.9,免费评估
136,匹兹堡大学University of Pittsburgh-Pittsburgh Campus,United States,44.5,20.5,98.7,29.5,22.6,47.5,51.8,免费评估
137,CentraleSupélec,France,17.4,100.0,87.7,74.3,90.6,43.1,51.5,免费评估
138,Ghent University,Belgium,48.9,33.0,83.2,62.8,20.3,37.3,51.3,免费评估
139,University of Bern,Switzerland,28.8,34.6,54.7,100,48.3,88.1,51.1,免费评估
140,Aalto University,Finland,36.4,48.2,56.6,85.4,39.4,68.6,50.8,免费评估
141,Aarhus University,Denmark,49.6,48.6,51.5,85,23.7,50.7,50.7,免费评估
141,密歇根州立大学Michigan State University,United States,61.4,54.8,19.3,65,42.7,56.3,50.7,免费评估
141,纽卡斯尔大学Newcastle University,United Kingdom,38.8,62.2,62.2,93,79.1,39.1,50.7,免费评估
144,RWTH Aachen University,Germany,56.4,97.7,21.8,39.2,64.9,42.1,50.4,免费评估
145,卡迪夫大学Cardiff University,United Kingdom,47.5,44.7,56.3,72,79.8,39.3,50.3,免费评估
146,麦克马斯特大学McMaster University,Canada,39.5,44.1,81.0,97.8,42,32.9,50.1,免费评估
147,Technische Universität Berlin (TU Berlin),Germany,52.3,80.2,45.6,35.2,60.3,34.8,49.9,免费评估
148,埃默里大学Emory University,United States,27.2,12.3,99.6,52.7,47.4,62.0,49.6,免费评估
149,蒙特利尔大学University of Montreal,Canada,52.9,54.6,41.6,95.8,68,31.1,49.5,免费评估
149,University of Lausanne,Switzerland,33.4,20.9,82.3,99.5,72.7,44.2,49.5,免费评估
151,Hanyang University,South Korea,43.5,67.8,78.6,27.6,37.3,30.6,49.4,免费评估
151,利物浦大学The University of Liverpool,United Kingdom,40.0,37.6,72.3,81.1,94.6,31.3,49.4,免费评估
153,École Normale Supérieure de Lyon,France,37.5,11.7,99.3,71,26.3,40.8,49.2,免费评估
154,The Hebrew University of Jerusalem,Israel,40.1,31.9,81.8,67.1,13.8,46.8,49.1,免费评估
154,埃克塞特大学University of Exeter,United Kingdom,36.5,65.1,36.4,92.9,83.3,58.8,49.1,免费评估
156,Politecnico di Milano,Italy,57.1,85.9,7.5,45.8,44.3,55.8,48.7,免费评估
156,"明尼苏达大学双城校区University of Minnesota,Twin Cities",United States,66.9,25.6,27.3,8.1,21.5,61.8,48.7,免费评估
158,巴斯大学University of Bath,United Kingdom,35.5,71.6,28.3,97.4,91.2,59.9,48.6,免费评估
159,Universidad Autónoma de Madrid,Spain,63.2,69.0,47.8,11.6,25.7,23.7,48.5,免费评估
160,University of Basel,Switzerland,29.9,23.4,31.6,100,84.7,92.0,48.4,免费评估
160,"悉尼科技大学University of Technology, Sydney",Australia,41.3,83.5,11.7,98.8,94.4,57.0,48.4,免费评估
162,Indian Institute of Technology Bombay (IITB),India,52.5,72.9,43.3,4.4,1.8,54.1,48.2,免费评估
163,National Tsing Hua University,Taiwan,44.5,47.0,25.9,32.5,17.9,88.2,48.0,免费评估
163,滑铁卢大学University of Waterloo,Canada,38.0,70.7,9.2,79.6,83.9,77.9,48.0,免费评估
165,Université catholique de Louvain (UCL),Belgium,48.6,45.6,15.6,90.8,52.3,67.6,47.9,免费评估
166,Universitat de Barcelona,Spain,69.9,48.9,34.0,6.4,32.7,30.1,47.8,免费评估
167,Scuola Superiore Sant'Anna Pisa di Studi Universitari e di Perfezionamento,Italy,14.9,9.0,94.4,2.1,46.1,97.1,47.7,免费评估
168,Eberhard Karls Universität Tübingen,Germany,45.1,28.4,90.5,61.5,35.9,18.0,47.6,免费评估
169,"加利福尼亚大学欧文分校University of California, Irvine",United States,46.1,21.6,13.7,52.4,84.6,86.0,47.5,免费评估
170,Indian Institute of Science,India,35.0,16.3,55.8,1.6,2,100.0,47.1,免费评估
171,University of Bergen,Norway,30.8,11.0,81.0,88.1,14.5,59.8,46.8,免费评估
172,Indian Institute of Technology Delhi (IITD),India,46.8,65.5,21.0,3.1,1.6,84.0,46.6,免费评估
172,阿伯丁大学University of Aberdeen,United Kingdom,28.6,33.1,48.3,97.7,96.5,62.0,46.6,免费评估
172,University of Twente,Netherlands,21.5,24.9,44.5,92.4,77.1,90.2,46.6,免费评估
175,Scuola Normale Superiore di Pisa,Italy,19.0,7.2,99.6,11.9,23.3,81.6,46.4,免费评估
175,University of Vienna,Austria,60.8,35.7,26.6,98.4,93.4,17.4,46.4,免费评估
175,奥塔哥大学University of Otago,New Zealand,48.6,40.1,21.7,100,65.6,50.9,46.4,免费评估
178,Instituto Tecnológico y de Estudios Superiores de Monterrey,Mexico,33.2,82.3,88.4,99.6,22.2,3.9,46.2,免费评估
179,Erasmus University Rotterdam,Netherlands,34.1,45.4,43.1,74.1,71.6,59.3,46.1,免费评估
180,英国女王大学Queen's University Belfast,United Kingdom,27.3,37.6,44.3,99.5,96.9,62.3,45.9,免费评估
180,Alma Mater Studiorum - University of Bologna,Italy,72.1,49.6,7.3,10.5,14.6,46.2,45.9,免费评估
180,佛罗里达大学University of Florida,United States,48.2,35.7,71.5,21.6,17.8,33.1,45.9,免费评估
183,达特茅斯学院Dartmouth College,United States,21.9,34.5,79.5,5,37.4,77.0,45.8,免费评估
184,Universiti Kebangsaan Malaysia (UKM),Malaysia,47.4,33.6,80.9,44.1,38.4,13.7,45.5,免费评估
184,罗彻斯特大学University of Rochester,United States,24.4,9.3,100.0,60.7,89.3,36.0,45.5,免费评估
186,凯斯西储大学Case Western Reserve University,United States,20.6,11.3,97.4,43.2,72.2,53.5,45.4,免费评估
186,Albert-Ludwigs-Universitaet Freiburg,Germany,50.1,27.0,33.9,59.3,45.9,52.5,45.4,免费评估
188,Vrije Universiteit Brussel (VUB),Belgium,24.2,29.4,95.6,84.1,65.4,29.2,45.2,免费评估
189,King Fahd University of Petroleum & Minerals,Saudi Arabia,24.4,29.7,93.9,100,35.9,33.6,45.1,免费评估
190,科罗拉多大学波尔得分校University of Colorado Boulder,United States,37.5,30.0,69.4,38.4,15.7,51.5,45.0,免费评估
191,Technische Universität Dresden,Germany,33.4,72.5,82.4,35.5,36.4,20.7,44.9,免费评估
192,"弗吉尼亚大学University of Virginia,Main Campus",United States,38.6,40.1,65.2,29.5,17,49.5,44.8,免费评估
193,Universitat Autònoma de Barcelona,Spain,63.0,35.9,21.0,26.4,28.3,44.1,44.7,免费评估
193,University College Dublin,Ireland,42.4,49.0,27.1,96.2,65.1,46.2,44.7,免费评估
195,雷丁大学University of Reading,United Kingdom,33.6,41.6,38.3,93.5,91.2,49.1,44.4,免费评估
195,范德堡大学Vanderbilt University,United States,29.1,20.0,100.0,25.7,36,37.6,44.4,免费评估
197,University of Göttingen,Germany,50.1,19.7,68.5,47,27.5,23.8,44.3,免费评估
198,Keio University,Japan,51.1,77.0,63.5,13.4,11.1,9.7,44.1,免费评估
199,Vienna University of Technology,Austria,30.3,61.9,6.7,74.1,91.4,79.6,44.0,免费评估
200,Stockholm University,Sweden,51.8,20.3,29.5,78.7,17.5,51.6,43.9,免费评估
200,University of Cape Town,South Africa,45.6,47.7,31.0,72.1,44.8,43.8,43.9,免费评估
202,Universiti Putra Malaysia (UPM),Malaysia,41.0,33.2,67.3,55.9,74.4,19.7,43.8,免费评估
203,德克萨斯A&M大学Texas A & M University,United States,59.1,48.0,14.1,20.3,14.5,51.8,43.5,免费评估
204,Radboud University,Netherlands,29.4,13.4,50.2,55.3,28.4,79.5,43.3,免费评估
204,Universidade Estadual de Campinas (Unicamp),Brazil,65.6,45.2,27.0,11.1,5.1,31.0,43.3,免费评估
206,Complutense University of Madrid,Spain,65.6,73.0,24.8,3.4,29.5,14.9,43.2,免费评估
207,Universiti Sains Malaysia (USM),Malaysia,45.9,40.9,64.3,36,37.5,19.6,43.0,免费评估
208,National Chiao Tung University,Taiwan,26.7,37.1,52.3,38.5,43,68.0,42.6,免费评估
208,Universidad de Chile,Chile,68.8,84.1,14.4,11.4,8.3,13.6,42.6,免费评估
208,Waseda University,Japan,56.1,86.0,33.1,30.2,34.5,8.2,42.6,免费评估
211,Maastricht University,Netherlands,21.8,22.7,28.8,97.5,100,78.9,42.5,免费评估
212,亚利桑那州立大学Arizona State University,United States,41.6,27.0,12.2,64.5,61.6,70.6,42.3,免费评估
212,圣母诺特丹大学University of Notre Dame,United States,30.3,30.8,58.6,61.9,20.8,55.6,42.3,免费评估
214,"University of Illinois, Chicago (UIC)",United States,46.4,28.9,48.2,22.7,37.7,38.8,42.0,免费评估
214,"The University of Newcastle, Australia (UON)",Australia,31.2,26.2,34.6,99.8,82.3,54.0,42.0,免费评估
214,The University of Western Ontario,Canada,29.7,63.5,10.1,99.6,51.9,70.1,42.0,免费评估
217,Sapienza University of Rome,Italy,69.9,36.1,5.6,5.2,9.5,41.2,41.8,免费评估
218,拉夫堡大学Loughborough University,United Kingdom,28.8,63.4,33.0,81.7,76.1,44.5,41.4,免费评估
218,伍伦贡大学University of Wollongong,Australia,28.3,37.2,22.3,95.9,86.9,63.2,41.4,免费评估
220,Al-Farabi Kazakh National University,Kazakhstan,33.4,48.9,99.3,34.4,23,1.2,41.3,免费评估
221,Sciences Po,France,25.0,42.5,90.0,56.3,99,4.3,41.0,免费评估
221,惠灵顿维多利亚大学Victoria University of Wellington,New Zealand,43.6,30.2,14.8,99.4,59.5,47.6,41.0,免费评估
223,Universität Hamburg,Germany,44.8,22.9,60.5,36.3,25.2,27.0,40.9,免费评估
223,University of Antwerp,Belgium,22.6,22.7,94.8,65.4,42.7,25.5,40.9,免费评估
223,莱斯特大学University of Leicester,United Kingdom,23.6,22.8,49.9,88,91.2,50.7,40.9,免费评估
226,乔治城大学Georgetown University,United States,35.1,38.7,69.7,21.5,46.4,27.3,40.8,免费评估
227,萨塞克斯大学University of Sussex,United Kingdom,29.0,12.6,29.7,96.9,98,60.4,40.7,免费评估
228,Universiti Teknologi Malaysia,Malaysia,30.1,35.6,85.3,27.8,58.8,17.1,40.5,免费评估
229,卡尔加里大学Calgary University,Canada,33.4,39.6,35.6,85.7,61.6,42.2,40.4,免费评估
230,Tel Aviv University,Israel,34.3,33.5,9.3,35.3,6.7,95.9,40.3,免费评估
231,King Abdulaziz University (KAU),Saudi Arabia,24.9,25.1,71.3,99.1,63.9,25.3,40.0,免费评估
231,坎特伯雷大学University of Canterbury,New Zealand,35.6,35.5,16.4,99.5,66.9,52.7,40.0,免费评估
231,Vrije Universiteit Amsterdam,Netherlands,38.6,22.3,44.1,41.9,14.9,52.7,40.0,免费评估
234,National Cheng Kung University (NCKU),Taiwan,37.8,39.3,44.2,17,29.4,45.2,39.4,免费评估
235,Saint Petersburg State University,Russia,35.3,31.3,95.2,6,31.8,4.8,39.2,免费评估
236,伦敦大学皇家霍洛威学院Royal Holloway University of London,United Kingdom,19.3,16.1,29.2,98.1,97.9,69.9,39.1,免费评估
237,American University of Beirut (AUB),Lebanon,21.1,59.6,67.3,96.2,67.8,14.3,39.0,免费评估
237,塔夫茨大学Tufts University,United States,19.8,14.2,79.7,37.6,41.4,48.4,39.0,免费评估
239,Queen's University at Kingston,Canada,33.7,65.0,10.4,76.2,23.7,58.5,38.9,免费评估
239,Universite libre de Bruxelles,Belgium,31.3,61.1,14.4,81.6,91.7,43.0,38.9,免费评估
239,Université Paris-Sud,France,29.0,16.5,81.9,45.6,43.8,23.4,38.9,免费评估
242,University of Navarra,Spain,33.0,81.7,45.0,20.9,60.1,21.5,38.8,免费评估
242,迈阿密大学University of Miami,United States,21.1,16.9,76.6,7.9,41.2,54.1,38.8,免费评估
244,Novosibirsk State University,Russia,28.6,34.7,90.5,6,51.2,13.7,38.7,免费评估
244,Queensland University of Technology (QUT),Australia,39.9,52.7,12.3,98.5,42.3,39.3,38.7,免费评估
246,亚利桑那大学The University of Arizona,United States,40.1,22.5,20.0,14.7,18.2,72.2,38.5,免费评估
247,Technion - Israel Institute of Technology,Israel,31.5,31.6,24.4,61.5,9.9,70.6,38.4,免费评估
248,萨里大学University of Surrey,United Kingdom,23.7,29.4,28.8,95.9,97.2,52.0,38.3,免费评估
249,Università di Padova,Italy,52.2,35.9,14.0,9.5,6.4,50.0,38.2,免费评估
250,科廷大学Curtin University,Australia,30.0,44.1,24.7,100,59.2,42.8,38.0,免费评估
250,麦考瑞大学Macquarie University,Australia,30.2,42.6,19.6,94.7,91.5,41.7,38.0,免费评估
250,皇家墨尔本理工大学Royal Melbourne Institute of Technology University,Australia,33.9,65.2,14.1,100,89.8,27.4,38.0,免费评估
253,Technische Universität Darmstadt,Germany,20.5,79.1,7.5,50.4,59.5,73.6,37.9,免费评估
253,Universidad Carlos III de Madrid (UC3M),Spain,34.4,59.4,68.0,38.7,14.9,9.2,37.9,免费评估
255,Rheinische Friedrich-Wilhelms-Universität Bonn,Germany,46.6,22.2,45.0,30.5,27.6,24.0,37.7,免费评估
256,King Saud University,Saudi Arabia,25.1,27.6,81.5,96.2,11.8,15.2,37.6,免费评估
257,National Taiwan University of Science and Technology (Taiwan Tech),Taiwan,23.4,23.5,76.3,17.2,31.7,39.8,37.5,免费评估
257,Wuhan University,China,37.4,54.5,25.5,56.2,12.5,42.1,37.5,免费评估
259,"马萨诸塞大学安姆斯特分校University of Massachusetts, Amherst",United States,44.8,16.1,19.2,21,15.7,59.8,37.3,免费评估
260,National University of Ireland Galway,Ireland,20.5,26.2,76.2,90.8,59.1,17.3,37.1,免费评估
260,Universität Stuttgart,Germany,26.7,59.9,14.3,36.7,62.8,62.6,37.1,免费评估
260,University of Tsukuba,Japan,34.9,18.0,69.3,18.2,33.7,23.8,37.1,免费评估
263,Ecole des Ponts ParisTech,France,10.0,64.2,86.5,27.1,100,14.3,37.0,免费评估
264,Indian Institute of Technology Madras (IITM),India,35.2,45.9,29.8,3.3,1.6,58.7,36.7,免费评估
264,Kyung Hee University,South Korea,23.8,36.9,84.6,15.6,35.4,19.5,36.7,免费评估
264,西蒙弗雷泽大学Simon Fraser University,Canada,22.7,22.9,6.2,95.4,91.8,73.0,36.7,免费评估
264,南澳大学University of South Australia,Australia,23.8,21.4,32.6,100,72.6,49.2,36.7,免费评估
268,思克莱德大学University of Strathclyde,United Kingdom,25.5,55.7,27.5,93.2,79.6,33.1,36.6,免费评估
269,东英吉利大学University of East Anglia,United Kingdom,20.2,14.0,44.4,84.5,84.4,47.3,36.4,免费评估
269,University of Gothenburg,Sweden,34.6,12.5,56.3,42.5,27.4,32.1,36.4,免费评估
271,Chulalongkorn University,Thailand,58.6,44.9,28.1,15.7,3.3,8.7,36.3,免费评估
272,Universidad de los Andes,Colombia,51.6,78.5,22.2,30.6,3,7.1,36.1,免费评估
272,邓迪大学University of Dundee,United Kingdom,18.4,10.6,73.2,89.1,63.6,26.7,36.1,免费评估
274,怀卡托大学The university of Waikato,New Zealand,18.3,19.2,16.9,97.6,80.4,71.7,36.0,免费评估
275,Universidad Nacional de Colombia,Colombia,58.9,82.1,12.8,10.8,1.6,4.5,35.9,免费评估
275,Universitat Politècnica de Catalunya,Spain,36.0,38.0,55.4,9.9,29.5,22.7,35.9,免费评估
277,香港浸会大学Hong Kong Baptist University,Hong Kong,15.8,14.3,40.5,100,89.7,52.0,35.8,免费评估
277,Tomsk State University,Russia,19.2,21.1,99.0,25.6,82.9,3.4,35.8,免费评估
279,达尔豪斯大学Dalhousie University,Canada,19.1,18.7,24.4,100,76.9,62.1,35.7,免费评估
279,北卡罗来纳州立大学North Carolina State University at Raleigh,United States,32.0,12.7,35.2,64.6,38.3,47.0,35.7,免费评估
279,Universität Frankfurt am Main,Germany,48.6,42.8,25.3,18.2,36.1,20.7,35.7,免费评估
279,Universität Innsbruck,Austria,20.0,29.5,56.8,98.1,99.2,17.3,35.7,免费评估
283,Indian Institute of Technology Kanpur (IITK),India,32.5,36.7,17.6,2.1,1.4,75.6,35.6,免费评估
283,Rutgers University - New Brunswick,United States,39.4,25.9,40.8,27.7,25.6,31.8,35.6,免费评估
285,Harbin Institute of Technology,China,22.1,9.5,56.0,10.2,11.6,65.8,35.3,免费评估
285,University of Turku,Finland,26.0,31.5,67.4,35.8,7.5,30.1,35.3,免费评估
287,塔斯马尼亚大学University of Tasmania,Australia,18.6,11.1,26.0,97,93.6,58.9,35.2,免费评估
288,伦敦大学亚非学院SOAS University of London,United Kingdom,27.5,15.3,44.4,100,100,18.1,35.1,免费评估
289,Université Grenoble-Alpes,France,52.2,10.3,14.6,25.4,29.8,36.7,35.0,免费评估
289,渥太华大学University of Ottawa,Canada,26.3,31.3,8.8,86.4,54.3,62.5,35.0,免费评估
291,Tongji University,China,29.6,14.3,25.9,91.8,27.1,52.2,34.9,免费评估
292,Beijing Normal University,China,37.8,14.8,35.3,15.6,12.8,48.3,34.8,免费评估
292,National Yang Ming University,Taiwan,14.5,12.6,99.9,7.2,7.5,34.8,34.8,免费评估
292,Universitas Indonesia,Indonesia,36.1,51.3,49.1,93.9,5.5,1.8,34.8,免费评估
295,Indian Institute of Technology Kharagpur (IIT-KGP),India,26.5,44.3,18.3,9.9,1,76.8,34.7,免费评估
295,Sun Yat-sen University,China,35.4,44.4,41.8,19.1,9.3,30.9,34.7,免费评估
295,Université Diderot Paris 7,France,42.2,5.0,19.1,33.9,59.4,43.9,34.7,免费评估
298,Universitat Pompeu Fabra,Spain,32.8,31.1,21.5,73,26.2,45.0,34.6,免费评估
299,Bauman Moscow State Technical University,Russia,19.7,55.2,100.0,3.4,11.7,1.2,34.5,免费评估
299,Friedrich-Alexander-Universität Erlangen-Nürnberg,Germany,23.3,22.2,4.0,29.4,26.8,96.3,34.5,免费评估
299,Université Paris 1 Panthéon-Sorbonne,France,55.8,53.1,5.1,24.6,75.6,3.8,34.5,免费评估
302,赫瑞瓦特大学Heriot Watt University,United Kingdom,15.1,40.8,34.7,98.5,96.8,37.4,34.4,免费评估
302,Linköping University,Sweden,19.9,28.9,56.1,58.5,19.1,41.8,34.4,免费评估
302,University of Hawai'i at Mañoa,United States,19.8,5.4,62.9,63.6,20.7,45.5,34.4,免费评估
305,Ecole Normale Supérieure de Cachan,France,15.4,10.6,93.7,21.2,35.7,27.1,34.3,免费评估
306,"伦敦大学伯克贝克学院Birkbeck, University Of London",United Kingdom,15.4,7.8,25.1,96.9,98.6,62.0,34.2,免费评估
306,University of Cologne,Germany,36.9,44.7,40.1,43,30.4,15.9,34.2,免费评估
308,National Taiwan Normal University,Taiwan,26.3,11.8,78.0,16.6,73.4,10.9,34.1,免费评估
309,迪肯大学Deakin University,Australia,28.1,43.6,7.9,97.2,68.7,42.0,34.0,免费评估
310,Universitat Politècnica de València,Spain,24.1,25.0,83.1,6.5,32,14.6,33.7,免费评估
310,The Katz School at Yeshiva University,United States,3.3,2.9,97.5,-,13.3,59.3,33.7,免费评估
312,Moscow Institute of Physics and Technology (MIPT / Moscow Phystech),Russia,14.1,29.2,99.0,28.1,40,8.7,33.6,免费评估
313,University at Buffalo SUNY,United States,20.1,11.0,11.1,87.7,59.1,73.2,33.4,免费评估
313,Xi’an Jiaotong University,China,24.0,25.1,47.7,36.3,9.7,47.0,33.4,免费评估
315,Gwangju Institute of Science and Technology (GIST),South Korea,9.7,4.0,39.8,9.9,9,100.0,33.3,免费评估
315,Khalifa University,United Arab Emirates,6.4,7.4,82.7,100,56.9,27.7,33.3,免费评估
317,Charles University,Czech Republic,38.2,36.2,43.1,19,47.8,11.4,33.2,免费评估
317,林肯大学Lincoln University,New Zealand,7.8,8.7,58.5,92.2,97.6,39.7,33.2,免费评估
319,Ewha Womans University,South Korea,20.7,18.2,85.8,10.6,43.1,15.5,33.1,免费评估
319,Tilburg University,Netherlands,15.1,18.4,9.3,93.5,52.9,79.6,33.1,免费评估
321,Hiroshima University,Japan,24.5,11.8,84.1,12.7,16.7,17.0,32.8,免费评估
321,University of Tartu,Estonia,20.4,21.6,82.7,22.4,20,18.9,32.8,免费评估
323,印第安纳大学伯明顿主校区Indiana University Bloomington,United States,42.7,31.2,26.2,41.6,22.1,19.7,32.7,免费评估
323,Universiti Brunei Darussalam (UBD),Brunei,10.0,3.7,94.8,100,65.7,4.8,32.7,免费评估
325,University of Milan,Italy,45.2,24.8,9.8,11.5,6.2,45.1,32.5,免费评估
326,东北大学Northeastern University,United States,18.8,22.2,29.1,78.5,97.4,39.4,32.3,免费评估
326,Universität Jena,Germany,18.5,7.1,92.7,-,28.2,20.8,32.3,免费评估
328,University of Porto,Portugal,36.9,25.5,17.1,6.2,9.5,52.9,32.2,免费评估
329,格里菲斯大学Griffith University,Australia,24.0,24.4,14.9,98.3,54.4,47.0,32.1,免费评估
329,National Research Nuclear University MEPhI (Moscow Engineering Physics Institute),Russia,9.9,20.0,96.1,44.1,72.6,5.1,32.1,免费评估
329,Westfälische Wilhelms-Universität Münster,Germany,34.1,33.2,45.4,28,10.5,20.4,32.1,免费评估
332,布鲁内尔大学Brunel University,United Kingdom,11.9,16.8,21.0,98.9,98.5,56.9,32.0,免费评估
332,梅西大学Massey University,New Zealand,27.3,28.9,18.7,98.8,89.1,24.9,32.0,免费评估
332,Qatar University,Qatar,13.9,19.3,61.9,100,99.5,10.5,32.0,免费评估
332,University Ulm,Germany,7.4,9.9,76.0,45.8,31.4,44.7,32.0,免费评估
336,加利福尼亚大学圣克鲁兹分校University of California， Santa Cruz,United States,20.1,15.1,10.9,26.2,10.7,91.3,31.9,免费评估
336,University of Jyväskylä,Finland,17.2,5.7,87.2,43.6,7.3,21.7,31.9,免费评估
338,Nankai University,China,24.1,8.1,33.9,31.1,8.8,61.8,31.7,免费评估
338,Umea University,Sweden,18.6,7.4,81.1,31.9,15.1,24.4,31.7,免费评估
338,Universität Mannheim,Germany,18.5,67.4,11.5,44.5,33.3,56.3,31.7,免费评估
338,University College Cork,Ireland,25.7,25.5,28.7,95,46.4,30.0,31.7,免费评估
338,弗吉尼亚理工大学Virginia Polytechnic Institute and State University,United States,31.4,32.3,28.1,22.6,22.4,40.0,31.7,免费评估
343,Aalborg University,Denmark,17.0,34.4,43.9,75.7,39.7,33.5,31.6,免费评估
343,National Research University Higher School of Economics (HSE University),Russia,19.4,28.8,96.6,10.3,14.5,1.7,31.6,免费评估
345,乔治华盛顿大学George Washington University,United States,28.2,24.9,31.5,40.5,50.1,34.3,31.5,免费评估
345,伦斯勒理工学院Rensselaer Polytechnic Institute,United States,11.9,12.4,32.2,40.3,47.7,73.0,31.5,免费评估
345,犹他大学University of Utah,United States,16.4,6.9,66.8,26.8,14.1,43.7,31.5,免费评估
348,Université de Strasbourg,France,47.1,9.3,11.6,41,46.5,23.6,31.3,免费评估
349,"Stony Brook University, State University of New York",United States,22.1,7.2,39.8,30.5,82.4,39.6,31.2,免费评估
350,United Arab Emirates University,United Arab Emirates,17.2,22.7,57.6,100,62.9,11.0,31.1,免费评估
351,伦敦城市大学City University London,United Kingdom,15.4,24.8,13.4,95.3,99.8,49.2,31.0,免费评估
352,Kobe University,Japan,26.1,31.6,66.1,10.7,8.9,15.3,30.9,免费评估
352,Tokyo Medical and Dental University (TMDU),Japan,12.5,6.0,100.0,3.5,14.4,21.6,30.9,免费评估
354,Belarusian State University,Belarus,16.4,30.8,95.3,9,24.4,1.7,30.8,免费评估
355,Moscow State Institute of International Relations (MGIMO University),Russia,10.1,31.9,99.6,13.1,52.1,1.0,30.7,免费评估
355,埃塞克斯大学University of Essex,United Kingdom,20.3,13.8,19.9,99.9,99.7,35.9,30.7,免费评估
355,肯特大学University of Kent,United Kingdom,19.1,15.0,32.2,97.7,88.4,28.8,30.7,免费评估
355,University of Lisbon,Portugal,37.7,27.6,15.1,9,33.6,38.2,30.7,免费评估
359,Bandung Institute of Technology (ITB),Indonesia,36.2,41.7,43.9,42.1,2.6,3.2,30.4,免费评估
359,维多利亚大学University of Victoria,Canada,16.3,10.1,7.1,91.3,54.9,70.5,30.4,免费评估
361,Universidade Federal do Rio de Janeiro,Brazil,53.0,18.9,22.5,7.1,3,10.4,30.3,免费评估
362,Taipei Medical University (TMU),Taiwan,9.7,13.2,93.6,28.5,20,18.7,30.2,免费评估
363,Norwegian University of Science And Technology,Norway,27.0,28.1,32.6,68.1,15.6,28.4,30.1,免费评估
363,牛津布鲁克斯大学Oxford Brookes University,United Kingdom,27.8,59.3,14.8,60.5,79.3,15.1,30.1,免费评估
363,Graz University of Technology,Austria,11.4,15.3,73.3,65.9,52.1,16.9,30.1,免费评估
366,Tampere University of Technology,Finland,9.0,17.9,76.1,38.7,17.6,32.6,30.0,免费评估
367,Universidad Austral,Argentina,17.3,41.4,88.0,5.7,9.8,1.8,29.9,免费评估
367,堪萨斯大学University of Kansas,United States,16.6,12.2,82.2,18.4,15.7,19.3,29.9,免费评估
369,詹姆斯·库克大学James Cook University,Australia,13.5,9.9,15.6,93.1,90,54.9,29.7,免费评估
369,Pontificia Universidad Católica Argentina,Argentina,16.2,44.7,86.9,-,20.6,1.2,29.7,免费评估
369,University of Tromsø The Arctic University of Norway,Norway,13.3,2.9,91.9,59.9,15.5,9.2,29.7,免费评估
372,Ruhr-Universität Bochum,Germany,22.8,21.0,5.1,38.5,33,68.4,29.6,免费评估
373,National Research Tomsk Polytechnic University,Russia,9.2,20.1,89.1,20.5,81.7,3.3,29.4,免费评估
373,康涅狄格大学University of Connecticut,United States,16.7,7.4,23.1,69.5,33.3,60.5,29.4,免费评估
375,University of St.Gallen (HSG),Switzerland,9.9,73.5,7.7,100,94.6,33.4,29.3,免费评估
376,American University of Sharjah,United Arab Emirates,16.8,43.1,25.6,100,100,14.7,29.2,免费评估
376,波士顿学院Boston College,United States,23.4,29.4,31.6,73.1,20.7,29.1,29.2,免费评估
376,University of Oulu,Finland,16.1,14.1,61.3,33.4,9.5,34.2,29.2,免费评估
376,University of Southern Denmark,Denmark,18.2,18.2,42.4,75.9,36.2,29.7,29.2,免费评估
380,Mahidol University,Thailand,35.1,23.3,49.6,15.1,5.5,8.5,29.1,免费评估
381,阿斯顿大学Aston University,United Kingdom,11.1,48.5,12.1,95.5,70.9,44.3,29.0,免费评估
381,Indian Institute of Technology Roorkee (IITR),India,13.5,21.6,16.8,-,2.6,89.5,29.0,免费评估
381,University of Witwatersrand,South Africa,25.1,38.1,14.4,87.1,12.7,35.9,29.0,免费评估
384,Universidad de Belgrano,Argentina,8.9,27.9,91.1,7.2,71.3,1.1,28.8,免费评估
384,加州大学河滨分校University of California-Riverside,United States,18.2,22.8,16.8,60.6,10,61.4,28.8,免费评估
384,University of the Philippines,Philippines,30.9,49.6,54.3,1.9,1.5,2.1,28.8,免费评估
387,HUFS - Hankuk (Korea) University of Foreign Studies,South Korea,12.6,22.1,84.0,42.9,40.8,2.1,28.7,免费评估
387,Politecnico di Torino,Italy,29.4,53.3,5.7,2.7,32.2,43.3,28.7,免费评估
387,斯威本科技大学Swinburne University of Technology,Australia,12.6,23.3,17.4,98.7,87.6,42.5,28.7,免费评估
387,威克弗里斯特大学Wake Forest University,United States,6.5,6.8,100.0,7.9,19.7,19.6,28.7,免费评估
391,Gadjah Mada University,Indonesia,37.4,36.0,38.5,36.5,2.6,1.5,28.6,免费评估
391,Université de Liège,Belgium,17.7,27.3,21.8,33,61.8,48.2,28.6,免费评估
391,Washington State University,United States,28.5,19.5,23.9,68.4,12,32.1,28.6,免费评估
394,L.N. Gumilyov Eurasian National University (ENU),Kazakhstan,13.2,21.4,96.1,24.5,5,1.4,28.5,免费评估
394,University of Warsaw,Poland,36.8,35.0,38.4,9.1,13.4,6.9,28.5,免费评估
396,伦敦大学金史密斯学院Goldsmiths University of London,United Kingdom,21.2,8.2,23.5,84.7,95.8,25.8,28.3,免费评估
397,Chung-Ang University (CAU),South Korea,13.3,21.0,80.3,20.4,30.6,10.4,28.2,免费评估
397,拉筹伯大学La Trobe University,Australia,18.5,27.9,8.6,98.5,95.3,32.8,28.2,免费评估
397,Pakistan Institute of Engineering and Applied Sciences (PIEAS),Pakistan,5.8,7.3,91.9,-,1.1,33.2,28.2,免费评估
397,Universität Konstanz,Germany,23.1,10.4,43.3,60.7,31.1,23.1,28.2,免费评估
397,"University of Colorado, Denver",United States,8.3,6.8,100.0,5.4,13,15.8,28.2,免费评估
402,Laval University,Canada,21.4,19.1,32.9,70.9,29.5,29.8,28.1,免费评估
402,National Sun Yat-sen University,Taiwan,23.4,17.9,30.6,18.4,8.6,46.9,28.1,免费评估
404,Peter the Great Saint-Petersburg Polytechnic University,Russia,9.9,14.7,87.8,17.1,69.9,2.7,28.0,免费评估
405,Stellenbosch University,South Africa,25.6,28.9,5.1,57.9,13.2,50.4,27.9,免费评估
405,Universidade Nova de Lisboa,Portugal,27.7,31.1,30.1,26.1,35,22.9,27.9,免费评估
407,Ben Gurion University of The Negev,Israel,16.8,13.4,20.3,72.6,26.5,52.7,27.7,免费评估
407,Johannes Gutenberg Universität Mainz,Germany,20.3,16.0,53.8,38,23.2,20.4,27.7,免费评估
407,Universidad Externado de Colombia,Colombia,9.3,37.5,95.6,14.7,1.6,1.1,27.7,免费评估
407,University of Coimbra,Portugal,29.3,14.6,22.9,11.3,53,33.1,27.7,免费评估
411,Jagiellonian University,Poland,30.7,27.5,52.6,4.8,10.4,6.2,27.6,免费评估
412,杜兰大学Tulane University of Louisiana,United States,10.6,5.6,83.6,20.7,23.1,18.6,27.5,免费评估
412,Universidad de Zaragoza,Spain,22.2,15.9,69.1,4.3,6.7,12.7,27.5,免费评估
412,Ural Federal University,Russia,14.7,14.7,88.5,14.3,25.7,1.9,27.5,免费评估
415,Huazhong University of Science and Technology,China,19.8,21.9,17.9,13.1,7.9,62.7,27.4,免费评估
415,National Central University,Taiwan,22.2,15.4,34.8,21.6,21.5,38.8,27.4,免费评估
417,National University of Sciences And Technology (NUST) Islamabad,Pakistan,15.9,41.9,73.9,3.5,4,7.8,27.3,免费评估
417,斯特林大学University of Stirling,United Kingdom,11.1,12.2,24.0,75.5,57.3,50.6,27.3,免费评估
419,"The University of Tennessee, Knoxville",United States,13.2,18.7,22.8,6.2,5,74.1,27.2,免费评估
420,The American University in Cairo,Egypt,22.2,28.5,47.2,91.4,4.9,5.3,27.1,免费评估
420,Universidad de Palermo (UP),Argentina,9.5,9.8,76.8,37.5,95.9,1.1,27.1,免费评估
422,Dublin City University,Ireland,14.7,30.7,42.9,70.6,53.8,15.7,27.0,免费评估
422,Shanghai University,China,25.9,8.7,51.6,38.2,4.5,16.0,27.0,免费评估
422,University of Pisa,Italy,39.0,20.6,11.1,8,5.8,32.0,27.0,免费评估
422,Université de Montpellier,France,22.2,27.1,11.8,13.1,43.1,50.8,27.0,免费评估
426,伊利诺理工学院Illinois Institute of Technology,United States,18.0,8.0,22.6,19.2,100,41.5,26.9,免费评估
426,University of Trento,Italy,24.4,14.2,16.4,37.3,9.1,50.1,26.9,免费评估
426,University of Texas Dallas,United States,15.9,13.4,9.1,28.8,75.7,60.4,26.9,免费评估
429,Chang Gung University,Taiwan,4.1,5.1,72.5,4.9,9.5,47.0,26.8,免费评估
429,Brandeis University,United States,12.1,20.6,31.8,20.2,82.8,41.7,26.8,免费评估
431,The University of Georgia,United States,24.7,18.1,22.4,66.2,11.9,32.9,26.7,免费评估
432,亚伯大学Aberystwyth University,United Kingdom,10.7,6.6,33.8,66.5,48.3,45.0,26.5,免费评估
432,Dongguk University,South Korea,10.1,11.0,85.2,16.1,35.6,8.3,26.5,免费评估
432,Sharif University of Technology,"Iran, Islamic Republic of",11.3,16.5,13.4,1.9,1.9,86.7,26.5,免费评估
435,班戈大学Bangor University,United Kingdom,8.3,7.7,14.5,57.2,67.1,65.7,26.4,免费评估
435,Sogang University,South Korea,18.9,40.1,51.2,13.6,15.4,15.5,26.4,免费评估
435,斯旺西大学Swansea University,United Kingdom,12.2,14.8,34.2,74.8,65.4,30.6,26.4,免费评估
435,爱荷华大学University of Iowa,United States,22.7,8.5,36.2,9.7,20.4,38.4,26.4,免费评估
439,Kazan (Volga region) Federal University,Russia,17.2,9.3,77.1,6.9,39,2.8,26.2,免费评估
439,特拉华大学University of Delaware,United States,12.8,9.9,12.4,39.7,24.9,71.6,26.2,免费评估
439,Wayne State University,United States,10.5,4.9,76.9,19.7,20.5,20.2,26.2,免费评估
442,Universiti Teknologi Brunei,Brunei,6.8,9.3,77.9,98.8,20,4.3,26.1,免费评估
443,邦德大学Bond University,Australia,3.0,9.9,51.4,98.8,97.7,18.2,26.0,免费评估
443,Tianjin University,China,17.2,6.2,26.2,10.3,5.5,62.0,26.0,免费评估
443,University of Macau,"Macao S.A.R., China",10.9,6.2,21.2,100,96.7,34.6,26.0,免费评估
446,National Technical University of Athens,Greece,19.4,41.1,8.9,-,4.7,59.9,25.9,免费评估
446,RUDN University,Russia,10.1,16.1,75.7,5.6,90.3,1.3,25.9,免费评估
448,King Khalid University,Saudi Arabia,6.2,3.6,81.9,100,23.9,1.5,25.8,免费评估
448,Koc University,Turkey,16.3,34.7,47.0,44.2,6.7,18.8,25.8,免费评估
450,科罗拉多州立大学Colorado State University (CSU),United States,18.8,22.0,40.0,34.5,10,28.2,25.7,免费评估
450,俄勒冈州立大学Oregon State University,United States,17.5,6.5,31.1,62.5,25.4,36.9,25.7,免费评估
450,Sultan Qaboos University,Oman,9.5,13.0,65.4,100,4.8,11.0,25.7,免费评估
453,Christian-Albrechts-University zu Kiel,Germany,17.6,7.5,56.1,17.3,12.3,25.2,25.6,免费评估
453,Aix-Marseille University,France,34.7,8.0,15.3,25.6,29.3,25.0,25.6,免费评估
453,"University of Maryland, Baltimore County",United States,11.4,5.1,19.0,13,13.7,76.5,25.6,免费评估
456,Bilkent University,Turkey,20.5,38.8,21.4,66.4,15.8,24.8,25.5,免费评估
456,Hitotsubashi University,Japan,21.5,63.9,34.6,25.2,26.8,4.4,25.5,免费评估
456,Johannes Kepler University Linz,Austria,11.0,29.0,40.2,71.5,21.5,27.3,25.5,免费评估
456,The Catholic University of Korea,South Korea,4.9,2.5,96.9,3.9,4.1,17.4,25.5,免费评估
460,Yokohama City University,Japan,6.3,3.5,99.6,5.2,2.6,11.0,25.4,免费评估
461,克拉克大学Clark University,United States,5.0,2.7,36.0,17.9,79.5,54.7,25.3,免费评估
461,Universität des Saarlandes,Germany,10.4,6.9,37.1,63.7,63.9,32.9,25.3,免费评估
461,萨省大学University of Saskatchewan,Canada,10.7,10.1,32.0,75.4,56.5,34.5,25.3,免费评估
464,Auckland University of Technology (AUT),New Zealand,17.5,25.4,17.5,99.6,99.9,10.6,25.2,免费评估
464,Beijing Institute of Technology,China,21.2,7.6,32.0,6,8.1,44.1,25.2,免费评估
464,Chiba University,Japan,13.0,5.6,77.3,9.3,6.3,15.5,25.2,免费评估
464,康考迪亚大学Concordia University,Canada,14.4,38.2,6.8,83.3,87.8,28.1,25.2,免费评估
464,Kazakh National Research Technical University after K.I.Satpayev,Kazakhstan,11.9,24.8,87.3,1.6,2.1,1.2,25.2,免费评估
464,Universidade Federal de São Paulo,Brazil,12.4,6.5,84.6,7,2,11.0,25.2,免费评估
470,Universidad Politécnica de Madrid,Spain,28.7,51.9,21.4,3.3,32.6,11.6,25.1,免费评估
470,University of Szeged,Hungary,16.8,13.0,60.1,15.6,57.4,6.6,25.1,免费评估
472,佛罗里达州立大学Florida State University,United States,25.8,31.1,12.4,12.2,6.5,40.3,25.0,免费评估
472,Indian Institute of Technology Guwahati (IITG),India,13.0,14.1,26.4,1.8,1.6,64.6,25.0,免费评估
472,University of Naples - Federico II,Italy,28.9,17.4,5.8,3.1,-,51.8,25.0,免费评估
475,Jilin University,China,18.0,12.0,52.3,20.6,3.3,23.3,24.8,免费评估
476,The National University of Science and Technology MISIS,Russia,8.9,17.9,75.1,8.7,54.9,5.2,24.7,免费评估
476,Xiamen University,China,24.0,5.6,28.8,8.4,5,40.4,24.7,免费评估
478,弗林德斯大学Flinders University,Australia,13.7,10.2,13.4,74.2,74.8,39.6,24.6,免费评估
478,Institut National des Sciences Appliquées de Lyon (INSA),France,9.5,35.6,47.7,34.7,86.1,8.1,24.6,免费评估
480,Auezov South Kazakhstan State University (SKSU),Kazakhstan,8.0,8.5,92.6,21,12.6,1.0,24.5,免费评估
481,Abai Kazakh National Pedagogical University,Kazakhstan,7.4,8.6,87.7,37.4,16.8,1.1,24.4,免费评估
481,UCSI University,Malaysia,6.5,31.0,58.6,50.3,75.4,3.0,24.4,免费评估
481,Universidad de Alcalá,Spain,13.4,19.7,47.1,25.9,80.9,11.3,24.4,免费评估
481,University of Eastern Finland,Finland,15.4,7.2,42.9,26.3,10.4,35.4,24.4,免费评估
481,V. N. Karazin Kharkiv National University,Ukraine,12.5,8.2,70.7,1.5,79.4,1.8,24.4,免费评估
481,约克大学York University,Canada,21.5,33.7,14.4,34.8,70.8,21.0,24.4,免费评估
487,University of Delhi,India,34.0,48.5,11.0,6.4,2,15.4,24.2,免费评估
488,Vilnius University,Lithuania,16.9,31.8,60.2,11.7,6,6.1,24.1,免费评估
489,爱荷华州立大学Iowa State University (ISU),United States,20.8,11.4,18.8,32.5,21.9,39.9,24.0,免费评估
489,University of Bordeaux,France,33.6,5.2,22.7,43.3,34.4,7.8,24.0,免费评估
491,Beihang University (former BUAA),China,16.1,8.7,29.1,10.6,7,48.9,23.9,免费评估
491,UNESP,Brazil,28.8,15.3,38.2,6.8,5.1,12.9,23.9,免费评估
491,Università Cattolica del Sacro Cuore,Italy,23.2,50.2,17.7,21.1,24.1,18.9,23.9,免费评估
494,新墨西哥大学University of New Mexico,United States,15.6,11.3,10.4,9.9,6.2,67.3,23.8,免费评估
495,University of Granada,Spain,34.9,14.0,12.8,5.1,23.7,21.4,23.7,免费评估
495,University of Hohenheim,Germany,8.2,11.2,7.8,24.3,31.5,74.4,23.7,免费评估
495,俄克拉荷马大学University of Oklahoma,United States,10.7,13.0,61.0,37.1,10.6,17.6,23.7,免费评估
498,Amirkabir University of Technology,"Iran, Islamic Republic of",4.9,9.8,8.6,4.2,2.5,92.7,23.6,免费评估
498,西悉尼大学Western Sydney University,Australia,15.9,26.4,9.9,100,47.8,25.9,23.6,免费评估
500,Singapore Management University,Singapore,12.7,29.0,13.8,100,69.4,21.2,23.5,免费评估
500,Technische Universität Braunschweig,Germany,9.5,26.9,66.4,-,33.1,10.3,23.5,免费评估
500,Saint Joseph University of Beirut (USJ),Lebanon,7.7,26.9,68.1,62.2,10.2,2.3,23.5,免费评估
500,University of Science and Technology Beijing,China,18.2,6.0,18.9,5,4.6,56.3,23.5,免费评估
