Ranking,University Name,Student Satisfaction,Research Assessment,Ucasentry-points,Graduate Prospects,Firsts/2:1s,Completion,Student-Staff Ratio,Services / facilities Spend,Total Scores,Free
1,剑桥大学University of Cambridge,85.6,45.0,616,88.7,88.6,98.9,11.6,3246,1000,免费评估
1,牛津大学University of Oxford,85.4,44.3,580,82.6,91.5,98.9,11.0,3506,1000,免费评估
3,圣安德鲁斯大学University of St Andrews,86.3,28.0,523,79.1,88.3,96.9,11.8,2346,873,免费评估
4,帝国理工学院Imperial College London,83.5,33.0,576,89.9,85.9,97.1,11.7,2833,855,免费评估
5,伦敦政治经济学院The London School of Economics and Political Science,78.3,38.7,537,83.4,79.3,96.3,11.8,2381,848,免费评估
6,杜伦大学Durham University,85.3,29.7,525,79.5,84.8,95.8,15.6,2544,847,免费评估
7,埃克塞特大学University of Exeter,86.4,28.0,459,79.6,84.6,96.5,16.6,2356,820,免费评估
8,华威大学The University of Warwick,84.0,29.0,510,78.1,81.0,95.7,13.9,2314,811,免费评估
9,伦敦大学学院University College London,79.0,33.0,521,81.8,86.7,93.6,10.2,2453,801,免费评估
10,巴斯大学University of Bath,87.1,23.3,489,85.4,80.2,95.2,16.6,1784,795,免费评估
11,萨里大学University of Surrey,86.9,20.3,422,81.8,79.0,91.0,15.4,2167,781,免费评估
12,兰卡斯特大学Lancaster University,84.2,28.3,448,78.0,77.6,93.9,14.9,1752,771,免费评估
13,拉夫堡大学Loughborough University,85.7,24.7,406,80.0,78.0,93.5,15.6,1956,761,免费评估
14,东英吉利大学University of East Anglia,86.5,21.0,431,70.3,74.3,92.2,13.0,2229,757,免费评估
15,伯明翰大学University of Birmingham,82.8,24.0,439,84.3,81.1,94.2,14.5,2375,751,免费评估
16,约克大学The University of York,82.6,29.0,446,73.8,80.0,93.2,15.0,1995,742,免费评估
17,利兹大学University of Leeds,84.3,22.7,434,74.8,81.0,94.4,14.7,2068,737,免费评估
18,南安普顿大学University of Southampton,82.2,23.0,431,77.9,78.4,92.5,12.8,2058,735,免费评估
19,布里斯托大学University of Bristol,80.4,29.7,483,80.2,83.1,95.5,14.1,2030,730,免费评估
20,莱斯特大学University of Leicester,83.2,20.0,401,73.9,79.0,93.1,12.9,2384,729,免费评估
21,谢菲尔德大学The University of Sheffield,83.0,27.3,439,76.9,78.5,93.9,14.9,1801,717,免费评估
22,爱丁堡大学The University of Edinburgh,77.4,32.7,489,78.1,83.7,90.4,13.8,2188,716,免费评估
22,纽卡斯尔大学Newcastle University,85.3,21.7,438,78.8,76.9,94.2,15.2,1762,716,免费评估
22,诺丁汉大学University of Nottingham,82.2,24.0,442,79.2,78.0,94.0,14.1,1961,716,免费评估
25,萨塞克斯大学University of Sussex,82.1,25.7,411,76.1,76.3,90.5,16.5,2114,712,免费评估
26,格拉斯哥大学University of Glasgow,83.9,24.3,487,79.9,74.5,87.4,15.2,2131,710,免费评估
27,卡迪夫大学Cardiff University,83.0,21.0,423,81.7,78.0,95.6,13.0,1442,700,免费评估
28,曼彻斯特大学The University of Manchester,81.9,28.7,443,75.7,73.8,93.2,13.9,1734,695,免费评估
29,伦敦国王学院King's College London,78.7,23.3,470,80.1,81.1,92.5,11.4,2090,694,免费评估
30,肯特大学University of Kent,84.1,17.0,372,75.2,74.7,91.4,13.6,1376,693,免费评估
31,伦敦大学亚非学院SOAS University of London,79.8,21.7,422,64.2,84.0,85.6,11.6,2027,688,免费评估
32,埃塞克斯大学University of Essex,85.7,22.7,343,65.2,64.7,86.6,16.1,2401,684,免费评估
33,雷丁大学University of Reading,83.7,22.7,376,71.8,72.5,91.4,14.7,1594,682,免费评估
34,阿斯顿大学Aston University,84.0,13.3,381,77.1,75.2,91.6,16.2,1735,675,免费评估
34,伦敦大学皇家霍洛威学院Royal Holloway University of London,82.4,27.7,405,62.8,74.0,92.3,15.4,1462,675,免费评估
36,利物浦大学The University of Liverpool,79.8,20.0,414,72.7,76.8,92.5,12.7,2134,656,免费评估
37,伦敦大学玛丽女王学院Queen Mary University of London,80.0,23.0,424,70.3,70.3,90.8,12.0,2233,654,免费评估
38,英国女王大学Queen's University Belfast,83.3,18.7,391,75.1,72.6,92.2,15.5,1739,651,免费评估
39,思克莱德大学University of Strathclyde,82.3,16.7,470,77.9,74.4,85.7,19.3,1753,644,免费评估
40,基尔大学Keele University,87.1,12.7,384,72.3,67.5,89.2,15.2,1131,631,免费评估
41,赫瑞瓦特大学Heriot Watt University,82.9,18.0,424,73.2,70.5,82.4,16.4,1736,630,免费评估
42,考文垂大学Coventry University,88.4,2.3,313,71.2,66.1,87.6,15.3,1355,623,免费评估
43,斯旺西大学Swansea University,81.5,16.0,341,78.6,70.7,90.1,15.5,1680,619,免费评估
44,阿伯丁大学University of Aberdeen,80.4,20.7,444,74.3,71.0,82.5,15.5,1859,616,免费评估
45,邓迪大学University of Dundee,84.6,15.7,409,70.7,71.7,84.2,14.9,1422,615,免费评估
46,伦敦城市大学City University London,80.0,14.3,394,74.2,69.6,87.4,17.5,2023,605,免费评估
47,布鲁内尔大学Brunel University,84.4,17.0,352,60.0,63.4,86.0,16.9,1741,597,免费评估
48,白金汉大学The University of Buckingham,85.1,,330,75.3,43.5,80.2,11.3,1894,595,免费评估
49,牛津布鲁克斯大学Oxford Brookes University,83.3,5.7,369,67.9,69.6,89.1,16.9,1416,586,免费评估
50,班戈大学Bangor University,85.4,16.0,305,66.6,61.2,85.1,17.8,1169,573,免费评估
51,法尔茅斯大学Falmouth University,81.1,2.0,316,70.9,70.4,88.6,23.0,1877,565,免费评估
52,诺丁汉特伦特大学Nottingham Trent University,83.1,4.3,320,63.6,66.6,86.9,17.2,1568,564,免费评估
53,斯特林大学University of Stirling,80.3,13.7,380,70.5,62.8,83.3,15.7,1517,562,免费评估
54,德蒙福特大学De Montfort University,82.4,6.0,313,69.1,66.5,87.4,18.1,1571,560,免费评估
55,伦敦大学金史密斯学院Goldsmiths University of London,79.2,24.7,346,55.7,76.7,82.6,16.9,1052,558,免费评估
56,北安普顿大学The University of Northampton,85.3,1.3,280,60.2,61.1,84.1,19.8,2439,556,免费评估
57,朴茨茅斯大学University of Portsmouth,83.0,5.3,314,66.3,71.2,88.1,18.6,1431,555,免费评估
58,赫尔大学The University of Hull,83.0,11.0,333,63.5,66.7,85.4,17.8,1472,552,免费评估
59,伯恩茅斯艺术大学Arts University Bournemouth,82.3,0.3,331,66.2,62.6,90.4,14.9,640,551,免费评估
60,林肯大学University of Lincoln,82.9,5.0,338,67.6,57.9,87.6,18.6,1450,549,免费评估
61,温切斯特大学University of Winchester,83.5,4.0,322,51.7,70.0,89.2,17.3,1139,542,免费评估
62,谢菲尔德哈莱姆大学Sheffield Hallam University,83.0,4.0,321,59.7,65.6,86.1,18.4,1705,540,免费评估
63,哈珀亚当斯大学Harper Adams University,85.3,2.0,342,67.0,52.8,88.3,19.8,1183,539,免费评估
64,罗伯特高登大学The Robert Gordon University,81.3,5.3,384,80.5,63.2,81.3,19.3,1246,538,免费评估
65,奇切斯特大学University of Chichester,84.5,1.7,306,58.1,63.7,89.8,18.7,1125,532,免费评估
66,诺桑比亚大学Northumbria University,81.3,2.7,365,61.8,63.8,87.8,17.8,1486,528,免费评估
67,切斯特大学University of Chester,83.8,1.0,302,65.8,61.8,82.2,16.9,1509,527,免费评估
68,西英格兰大学University of the West of England,79.7,4.7,339,68.3,70.0,84.7,20.0,1750,526,免费评估
69,阿尔斯特大学University of Ulster,83.3,11.0,310,58.2,65.3,80.6,17.7,1524,523,免费评估
70,巴斯斯巴大学Bath Spa University,83.0,3.0,332,56.4,71.0,87.3,20.0,1046,522,免费评估
71,利物浦约翰摩尔斯大学Liverpool John Moores University,82.8,3.7,336,61.5,70.6,84.4,19.7,1308,518,免费评估
72,艾芝西尔大学Edge Hill University,83.9,0.7,308,58.3,59.3,85.2,16.8,1614,517,免费评估
73,罗汉普顿大学Roehampton University,82.6,7.7,287,56.9,62.1,81.8,20.2,2153,515,免费评估
74,创意艺术大学University for the Creative Arts,77.7,5.0,324,49.5,56.1,84.7,12.5,1901,511,免费评估
75,米德塞斯大学Middlesex University,81.7,5.0,287,56.8,59.3,76.5,20.5,2595,506,免费评估
76,布拉德福德大学University of Bradford,79.3,10.0,320,72.4,65.8,83.6,18.6,1426,505,免费评估
77,中央兰开夏大学University of Central Lancashire,82.1,3.7,337,59.3,57.5,79.8,16.8,1836,504,免费评估
77,哈德斯菲尔德大学University of Huddersfield,82.3,2.0,334,69.5,60.0,81.6,18.3,1288,504,免费评估
79,赫特福德大学University of Hertfordshire,78.3,3.3,344,68.5,66.8,83.3,18.3,1736,499,免费评估
80,普利茅斯大学University of Plymouth,81.8,6.7,316,57.9,63.0,84.6,16.2,1285,496,免费评估
81,德比大学University of Derby,83.5,1.0,305,54.4,60.2,83.1,16.8,1370,495,免费评估
82,布莱顿大学University of Brighton,79.4,9.7,319,65.8,67.3,84.2,18.3,1118,494,免费评估
83,格罗斯特大学University of Gloucestershire,80.6,2.0,295,58.0,69.9,87.6,23.6,1499,492,免费评估
84,格拉斯哥喀里多尼亚大学Glasgow Caledonian University,79.2,3.0,370,67.9,68.5,80.9,20.9,1588,490,免费评估
85,伦敦艺术大学University of the Arts London,73.4,20.3,343,55.0,64.3,87.1,18.7,1562,488,免费评估
86,玛格丽特女王大学Queen Margaret University,80.2,3.3,339,63.3,73.1,79.7,20.5,1321,487,免费评估
87,约克圣约翰大学York St John University,80.2,1.0,302,64.5,63.5,91.3,21.1,1207,485,免费评估
88,伯恩茅斯大学Bournemouth University,78.1,4.3,336,63.6,64.5,87.3,21.6,1372,484,免费评估
89,曼彻斯特城市大学Manchester Metropolitan University,79.3,4.3,343,60.2,65.8,83.0,18.2,1206,483,免费评估
90,卡迪夫都市大学Cardiff Metropolitan University,82.5,3.3,304,58.7,52.9,85.3,20.3,1392,482,免费评估
91,伯明翰城市大学Birmingham City University,81.0,2.3,317,63.0,63.3,82.8,21.2,1563,479,免费评估
91,利兹圣三一大学Leeds Trinity University,83.4,1.7,280,65.8,56.0,84.8,23.6,1236,479,免费评估
93,亚伯大学Aberystwyth University,77.9,20.3,325,52.8,63.2,86.1,20.0,1167,476,免费评估
94,蒂赛德大学Teesside University,82.8,1.7,324,58.0,58.6,81.0,18.8,1329,467,免费评估
95,哥比亚大学University of Cumbria,82.3,0.3,288,62.1,66.9,84.9,20.8,816,465,免费评估
96,坎特伯雷大学Canterbury Christ Church University,80.9,1.7,277,59.9,66.7,82.1,18.9,1166,460,免费评估
97,龙比亚大学Napier University,81.6,3.0,348,61.2,67.3,75.1,21.6,1019,457,免费评估
98,格林威治大学The University of Greenwich,82.3,3.0,312,49.0,63.3,82.0,21.5,1403,453,免费评估
99,桑德兰大学University of Sunderland,81.4,4.7,302,50.9,54.3,80.3,17.9,1359,451,免费评估
100,"特威克南圣玛丽大学St Mary's, Twickenham",80.6,2.7,294,63.8,60.7,81.5,22.4,1005,449,免费评估
101,斯塔福德郡大学Staffordshire University,81.2,1.0,273,55.9,58.5,80.8,17.7,1416,448,免费评估
102,"圣马克与圣约翰大学University of St Mark & St John, Plymouth",82.9,0.3,276,64.0,51.1,82.9,19.2,803,447,免费评估
102,格罗斯泰斯特主教大学Bishop Grosseteste University,83.9,0.3,279,67.0,57.0,92.0,30.2,446,447,免费评估
104,纽曼大学Newman University,83.1,0.3,302,57.2,52.7,77.2,18.1,1370,445,免费评估
105,索尔福德大学University of Salford,76.4,9.3,341,56.8,64.3,77.6,17.0,1481,440,免费评估
106,阿伯泰邓迪大学University of Abertay Dundee,78.8,3.0,330,61.1,64.3,73.2,21.3,1436,435,免费评估
107,伍斯特大学University of Worcester,79.3,0.3,300,60.7,58.5,85.4,21.1,984,426,免费评估
108,贝德福德大学University of Bedfordshire,81.9,1.7,225,59.3,50.7,82.3,20.9,1440,425,免费评估
109,西伦敦大学University of West London,78.5,2.0,256,67.6,52.0,77.6,18.3,1637,424,免费评估
110,剑桥安鲁大学Anglia Ruskin University,83.4,1.7,252,58.5,51.6,82.5,23.0,1279,422,免费评估
111,利兹都会大学Leeds Metropolitan University,78.9,2.0,280,55.6,61.2,79.5,19.9,1188,420,免费评估
112,威斯敏斯特大学University of Westminster,77.7,5.0,317,50.6,64.1,79.1,20.3,1359,418,免费评估
113,格林多大学Glyndwr University,76.9,1.3,289,63.7,53.5,78.0,20.1,1815,407,免费评估
114,南威尔士大学The University of South Wales,77.0,3.7,322,55.4,59.9,80.8,21.6,1313,404,免费评估
115,南安普顿索伦特大学Southampton Solent University,77.2,0.7,299,50.5,61.1,76.4,18.8,1335,398,免费评估
116,新白金汉大学Buckinghamshire New University,76.4,0.7,250,53.7,53.3,82.9,22.2,2051,390,免费评估
117,金斯顿大学Kingston University,75.7,3.3,298,54.4,59.0,79.6,19.4,1378,376,免费评估
118,西苏格兰大学University of the West of Scotland,78.9,4.7,299,58.4,58.5,67.8,22.0,1279,370,免费评估
119,东伦敦大学University of East London,81.1,4.0,278,50.5,54.2,67.4,26.3,1451,360,免费评估
120,波尔顿大学University of Bolton,79.1,2.0,276,57.4,50.6,71.9,19.9,927,355,免费评估
121,高地与群岛大学University of the Highlands and Islands,78.9,2.0,298,49.1,70.6,67.4,,545,324,免费评估
122,伦敦南岸大学London South Bank University,77.7,2.7,233,49.0,59.7,72.4,24.2,1250,320,免费评估
123,伦敦都市大学London Metropolitan University,74.1,3.3,239,46.1,51.3,70.5,21.5,619,253,免费评估
